[
    {
        "id": "D12345",
        "name": "Tom Kha Gai",
        "price": "15 CHF",
        "cuisine": "Asian, Thai"
    },
    {
        "id": "D12345",
        "name": "Tom Kha Gai",
        "price": "15 CHF",
        "cuisine": "Asian, Thai"
    },    {
        "id": "D12345",
        "name": "Tom Kha Gai",
        "price": "15 CHF",
        "cuisine": "Asian, Thai"
    },    {
        "id": "D12345",
        "name": "Tom Kha Gai",
        "price": "15 CHF",
        "cuisine": "Asian, Thai"
    },    {
        "id": "D12345",
        "name": "Tom Kha Gai",
        "price": "15 CHF",
        "cuisine": "Asian, Thai"
    },    {
        "id": "D12345",
        "name": "Tom Kha Gai",
        "price": "15 CHF",
        "cuisine": "Asian, Thai"
    }
]