 [
    {
      "id":"1",
      "text":"facilities 1"
    },
    {
      "id":"2",
      "text":"facilities 2"
    },
    {
      "id":"3",
      "text":"facilities 3"
    },
    {
      "id":"4",
      "text":"facilities 4"
    },
    {
      "id":"5",
      "text":"facilities 5"
    },
    {
      "id":"6",
      "text":"facilities 6"
    },
    {
      "id":"7",
      "text":"abfacilities 7"
    },
    {
      "id":"8",
      "text":"fgfdgfacilities 8"
    },
    {
      "id":"9",
      "text":"saffacilities 9"
    },
    {
      "id":"10",
      "text":"hgjsaffacilities 10"
    },
    {
      "id":"11",
      "text":"saffacilitiessdf 11"
    }
  ]
